ALTER TABLE persons AUTO_INCREMENT = 1;
INSERT INTO `persons` (`ID`, `name`, `password`, `email`, `postcode`, `country`, `county`, `city`, `active`) VALUES
(1, 'Teszt Elek', '$2b$10$Yk5e4TDlj5lnHp2QvacCiOC6VmtGC/W2RMAW/K0EMO2lYpkw6g/U6', 'elek@gmail.com', 1135, 'Magyarország', 'Pest', 'Budapest', CURDATE()),
(2, 'Tamás', '$2b$10$SFaMz1e/19s9N6IO4rp7N./DMa14PFm2lExUAfJgaB2p6D5S/ZYPW', 'tamas@gmail.com', 1138, 'Magyarország', 'Pest', 'Budapest', CURDATE()),
(3, 'Viktor', '$2b$10$Q4tvEaMnI7eSJuB383G/duT8VtPacLSbrxwYkCHUqkTvWoFXYeWLi', 'viktor@gmail.com', 2600, 'Magyarország', 'Pest', 'Vác', CURDATE()),
(4, 'Balázs', '$2b$10$ZJdC6sXinOoZsiEnYaYToeSyQUynGUx.7pQV8/T0DCsubhyFzXMs6', 'balazs@gmail.com', 2602, 'Magyarország', 'Pest', 'Vác', '2021-11-02'),
(5, 'Niki', '$2b$10$6I.w9qcTmJ7sFu.e.QuPmOUKzLk2V.3KnGmyQm6KlcUw5ihywP4l.', 'niki@gmail.com', 4000, 'Magyarország', 'Hajdú-Bihar', 'Debrecen', CURDATE()),
(6, 'Ági', '$2b$10$c/XDWIotY.scKttgzIz.oulB7jTs1gkIQUfC795jLSy/ORDPiJG3K', 'agi@gmail.com', 4002, 'Magyarország', 'Hajdú-Bihar', 'Debrecen', CURDATE()),
(7, 'Ádám', '$2b$10$SSPCllf9doHCdtyzhi2vdu3T9KucpMGooe/.fkdso9yJTuid8TV8O', 'adam@gmail.com', 4025, 'Magyarország', 'Hajdú-Bihar', 'Nyíradony', '2022-01-02'),
(8, 'Kitti', '$2b$10$LG9FlJxyxh2NTOgC/ckRMOzl6JhEFTVFq1PZ/HdJiISh7uUHxXwwO', 'kitti@gmail.com', 4027, 'Magyarország', 'Hajdú-Bihar', 'Nyíradony', CURDATE()),
(9, 'Kurt', '$2b$10$QjDjRnYVxDWrMUejh.S6XePL.Qtu0VccHVhmyAa76ILZ4R0YxNlc2', 'kurt@gmail.com', 80331, 'Németország', 'Bajorország', 'München', CURDATE()),
(10, 'Müller', '$2b$10$7j8fu9AVVtlqem0bKS8mXeey27JGxMpkKynJAtCMKUJe1hBfuzQz.', 'muller@gmail.com', 80337, 'Németország', 'Bajorország', 'München', CURDATE()),
(11, 'Meyer', '$2b$10$rtFNUjibknBZyFXfehHLPuLqp.dkHduxJZeqmJRSNY5MpibBdL.9m', 'meyer@gmail.com', 86163, 'Németország', 'Bajorország', 'Augsburg', '2022-02-20'),
(12, 'Wolf', '$2b$10$pn5bTk1BSO.n.vH6VLq7eemtj5hSFbaGThth8NZgA.sRH4iEczXs6', 'wolf@gmail.com', 86157, 'Németország', 'Bajorország', 'Augsburg', CURDATE()),
(13, 'Vera', '$2b$10$P7VxqmE2nKQ8SA/lvJnY9um7SZoXsZsSOumcXSBHTjnR6qqj09yvi', 'vera@gmail.com', 81105, 'Szlovákia', 'Pozsony', 'Pozsony', '2021-03-01'),
(14, 'Mira', '$2b$10$upuHdusZfFL0z1y7ao.gMePkJjGh/a5EI7S.dMsXXhA4ts1u4TVOe', 'mira@gmail.com', 81108, 'Szlovákia', 'Pozsony', 'Pozsony', CURDATE()),
(15, 'Nikola', '$2b$10$vtAXa7C9jbcvJFCMkFRUfeA7BeJspRf8n/EngfZ47u03J1hLWCb0C', 'nikola@gmail.com', 561214, 'Szerbia', 'Raška', 'Kraljevo', CURDATE()),
(16, 'David', '$2b$10$fuoVlhCf6UqrjOAd7n3GCeHmjFw01bw8NjgNW7iqz1LALlO8Ihdz2', 'david@gmail.com', 7030, 'United States', 'Hudson', 'Jersey', CURDATE()),
(17, 'Lisa', '$2b$10$fBRmo2Lk5dmi2qDyG2YV6uhOiwID6vH9tX5OJF4NEEDn7N/kYZP9y', 'lisa@gmail.com', 7094, 'United States', 'Hudson', 'Jersey', '2022-02-03'),
(18, 'Paul', '$2b$10$S77Tk5MH3IlZYdykX3JtoeKgS3fFpQW4Eug1EItNmjIGrDaRHyu.2', 'paul@gmail.com', 10001, 'United States', 'New York', 'New York', CURDATE()),
(19, 'Anna', '$2b$10$P0a6u/oOkRZ7Ir8PRtJyRejl5JM1/jtdM02nI72DpILgro4fSHq3.', 'anna@gmail.com', 10002, 'United States', 'New York', 'New York', CURDATE()),
(20, 'Alexandra', '$2b$10$ZL35H60WVZlwSeskNX8jButH8JX.DTT2mMEj9x79NpnjJJV/KUoHS', 'Alexandra@gmail.com', 505500, 'Románia', 'Brassó', 'Kőhalom', CURDATE()),
(21, 'Sofia', '$2b$10$dH53UX3eVqe13IMfGjzD/eor.JOMsy9.tB8CKF8yQbJkfZujGhJjG', 'sofia@gmail.com', 440068, 'Románia', 'Szatmár', 'Szatmárnémeti', CURDATE());

update persons set persons.active= CURDATE() where persons.active='0000-00-00';
    
    
ALTER TABLE categories AUTO_INCREMENT = 1;
Insert into categories(ID, denomination) values
    (1, 'Élelmiszer'),
    (2, 'Ruházat'),
    (3, 'Fizetés'),
    (4, 'Szabadidő'),
    (5, 'Számlák'),
    (6, 'Egyéb kiadások'),
    (7,'Egyéb jutatások');


ALTER TABLE registers AUTO_INCREMENT = 1;
Insert into registers (personsID, amount, regAt, categoriesID) values 
    (1, 330000, '2021-12-01', 3),
    (1, 21000, '2021-12-01', 7),

    (1, -4000, '2021-12-02', 4),
    (1, -4000, '2021-12-02', 1),

    (1, -4000, '2021-12-03', 2), 
    (1, -3000, '2021-12-03', 2),

    (1, -15000, '2021-12-04', 4), 
    (1, -4000, '2021-12-04', 6),

    (1, -11000, '2021-12-05', 5),
    (1, -10000, '2021-12-05', 5), 

    (1, -4000, '2021-12-06', 4),
    (1, -4000, '2021-12-06', 6),

    (1, -2000, '2021-12-07', 2), 
    (1, -2000, '2021-12-07', 2),

    (1, -4000, '2021-12-08', 4), 
    (1, -3000, '2021-12-08', 6),

    (1, -15000, '2021-12-09', 5), 
    (1, -4000, '2021-12-09', 5),

    (1, -11000, '2021-12-10', 4),
    (1, -10000, '2021-12-10', 6), 

    (1, -4000, '2021-12-11', 1),
    (1, -4000, '2021-12-11', 1),

    (1, -2100, '2021-12-12', 4), 
    (1, -2100, '2021-12-12', 6),

    (1, -4100, '2021-12-13', 5), 
    (1, -3100, '2021-12-13', 5),

    (1, -15100, '2021-12-14', 4), 
    (1, -4100, '2021-12-14', 6),

    (1, -11100, '2021-12-15', 1),
    (1, -11000, '2021-12-15', 1), 

    (1, -4100, '2021-12-16', 2),
    (1, -4100, '2021-12-16', 2),

    (1, -2100, '2021-12-17', 5), 
    (1, -2100, '2021-12-17', 5),

    (1, -4100, '2021-12-18', 4), 
    (1, -3100, '2021-12-18', 6),

    (1, -15100, '2021-12-19', 1), 
    (1, -4100, '2021-12-19', 1),

    (1, -11100, '2021-12-20', 2),
    (1, -11000, '2021-12-20', 2), 

    (1, -4100, '2021-12-21', 4),
    (1, -4100, '2021-12-21', 6),

    (1, -2200, '2021-12-22', 4), 
    (1, -2200, '2021-12-22', 6),

    (1, -4200, '2021-12-23', 1), 
    (1, -3200, '2021-12-23', 1),

    (1, -15200, '2021-12-24', 2), 
    (1, -4200, '2021-12-24', 2),

    (1, -11200, '2021-12-25', 4),
    (1, -12000, '2021-12-25', 6), 

    (1, -4200, '2021-12-26', 5),
    (1, -4200, '2021-12-26', 5),

    (1, -2200, '2021-12-27', 1), 
    (1, -2200, '2021-12-27', 6),

    (1, -4200, '2021-12-28', 2), 
    (1, -3200, '2021-12-28', 5),

    (1, -15200, '2021-12-29', 4), 
    (1, -4200, '2021-12-29', 5),

    (1, -11200, '2021-12-30', 5),
    (1, -12000, '2021-12-30', 6),

/*/////////////////////////////////////////////////////////////////////////////////*/
    
    (1, 300000, '2022-01-01', 3),
    (1, 70000, '2022-01-01', 7),

    (1, -4100, '2022-01-02', 4),
    (1, -4100, '2022-01-02', 1),

    (1, -4100, '2022-01-03', 2), 
    (1, -3100, '2022-01-03', 2),

    (1, -15100, '2022-01-04', 4), 
    (1, -4100, '2022-01-04', 6),

    (1, -11100, '2022-01-05', 5),
    (1, -11000, '2022-01-05', 5), 

    (1, -4100, '2022-01-06', 4),
    (1, -4100, '2022-01-06', 6),

    (1, -2100, '2022-01-07', 2), 
    (1, -2100, '2022-01-07', 2),

    (1, -4100, '2022-01-08', 4), 
    (1, -3100, '2022-01-08', 6),

    (1, -15100, '2022-01-09', 5), 
    (1, -4100, '2022-01-09', 5),

    (1, -11100, '2022-01-10', 4),
    (1, -11000, '2022-01-10', 6), 

    (1, -4100, '2022-01-11', 1),
    (1, -4100, '2022-01-11', 1),

    (1, -2110, '2022-01-12', 4), 
    (1, -2110, '2022-01-12', 6),

    (1, -4110, '2022-01-13', 5), 
    (1, -3110, '2022-01-13', 5),

    (1, -15110, '2022-01-14', 4), 
    (1, -4110, '2022-01-14', 6),

    (1, -11110, '2022-01-15', 1),
    (1, -11100, '2022-01-15', 1), 

    (1, -4110, '2022-01-16', 2),
    (1, -4110, '2022-01-16', 2),

    (1, -2110, '2022-01-17', 5), 
    (1, -2110, '2022-01-17', 5),

    (1, -4110, '2022-01-18', 4), 
    (1, -3110, '2022-01-18', 6),

    (1, -15110, '2022-01-19', 1), 
    (1, -4110, '2022-01-19', 1),

    (1, -11110, '2022-01-20', 2),
    (1, -11100, '2022-01-20', 2), 

    (1, -4110, '2022-01-21', 4),
    (1, -4110, '2022-01-21', 6),

    (1, -2210, '2022-01-22', 4), 
    (1, -2210, '2022-01-22', 6),

    (1, -4210, '2022-01-23', 1), 
    (1, -3210, '2022-01-23', 1),

    (1, -15210, '2022-01-24', 2), 
    (1, -4210, '2022-01-24', 2),

    (1, -12110, '2022-01-25', 4),
    (1, -12100, '2022-01-25', 6), 

    (1, -4210, '2022-01-26', 5),
    (1, -4210, '2022-01-26', 5),

    (1, -2210, '2022-01-27', 1), 
    (1, -2210, '2022-01-27', 6),

    (1, -4210, '2022-01-28', 2), 
    (1, -3210, '2022-01-28', 5),

    (1, -15210, '2022-01-29', 4), 
    (1, -4210, '2022-01-29', 5),

    (1, -12210, '2022-01-30', 5),
    (1, -12100, '2022-01-30', 6),

/*////////////////////////////////////////////////////////////////////////////////*/

    (1, 330000, '2022-02-01', 3),
    (1, 50000, '2022-02-01', 7),

    (1, -4110, '2022-02-02', 4),
    (1, -4110, '2022-02-02', 1),

    (1, -4110, '2022-02-03', 2), 
    (1, -3110, '2022-02-03', 2),

    (1, -15110, '2022-02-04', 4), 
    (1, -4110, '2022-02-04', 6),

    (1, -11110, '2022-02-05', 5),
    (1, -11100, '2022-02-05', 5), 

    (1, -4110, '2022-02-06', 4),
    (1, -4110, '2022-02-06', 6),

    (1, -2110, '2022-02-07', 2), 
    (1, -2110, '2022-02-07', 2),

    (1, -4110, '2022-02-08', 4), 
    (1, -3110, '2022-02-08', 6),

    (1, -15110, '2022-02-09', 5), 
    (1, -4110, '2022-02-09', 5),

    (1, -11110, '2022-02-10', 4),
    (1, -11100, '2022-02-10', 6), 

    (1, -4110, '2022-02-11', 1),
    (1, -4110, '2022-02-11', 1),

    (1, -2120, '2022-02-12', 4), 
    (1, -2120, '2022-02-12', 6),

    (1, -4120, '2022-02-13', 5), 
    (1, -3120, '2022-02-13', 5),

    (1, -15120, '2022-02-14', 4), 
    (1, -4120, '2022-02-14', 6),

    (1, -11120, '2022-02-15', 1),
    (1, -11120, '2022-02-15', 1), 

    (1, -4120, '2022-02-16', 2),
    (1, -4120, '2022-02-16', 2),

    (1, -2120, '2022-02-17', 5), 
    (1, -2120, '2022-02-17', 5),

    (1, -4120, '2022-02-18', 4), 
    (1, -3120, '2022-02-18', 6),

    (1, -15120, '2022-02-19', 1), 
    (1, -4120, '2022-02-19', 1),

    (1, -11120, '2022-02-20', 2),
    (1, -11120, '2022-02-20', 2), 

    (1, -4120, '2022-02-21', 4),
    (1, -4120, '2022-02-21', 6),

    (1, -2220, '2022-02-22', 4), 
    (1, -2220, '2022-02-22', 6),

    (1, -4220, '2022-02-23', 1), 
    (1, -3220, '2022-02-23', 1),

    (1, -15220, '2022-02-24', 2), 
    (1, -4220, '2022-02-24', 2),

    (1, -12120, '2022-02-25', 4),
    (1, -12200, '2022-02-25', 6), 

    (1, -4220, '2022-02-26', 5),
    (1, -4220, '2022-02-26', 5),

    (1, -2220, '2022-02-27', 1), 
    (1, -2220, '2022-02-27', 6),

    (1, -4220, '2022-02-28', 2), 
    (1, -3220, '2022-02-28', 5),

/**/

    (1, -11110, '2022-02-01', 1),
    (1, -11100, '2022-02-01', 1), 

    (1, -4110, '2022-02-02', 2),
    (1, -4110, '2022-02-02', 2),

    (1, -2110, '2022-02-03', 5), 
    (1, -2110, '2022-02-03', 5),

    (1, -4110, '2022-02-04', 4), 
    (1, -3110, '2022-02-04', 6),

    (1, -15110, '2022-02-05', 1), 
    (1, -4110, '2022-02-05', 1),

    (1, -11110, '2022-02-06', 2),
    (1, -11100, '2022-02-06', 2), 

    (1, -4110, '2022-02-07', 4),
    (1, -4110, '2022-02-07', 6),

    (1, -2210, '2022-02-08', 4), 
    (1, -2210, '2022-02-08', 6),

    (1, -4210, '2022-02-09', 1), 
    (1, -3210, '2022-02-09', 1),

    (1, -15210, '2022-02-10', 2), 
    (1, -4210, '2022-02-10', 2),

    (1, -12110, '2022-02-11', 4),
    (1, -12100, '2022-02-11', 6), 

    (1, -4210, '2022-02-12', 5),
    (1, -4210, '2022-02-12', 5),

    (1, -2210, '2022-02-13', 1), 
    (1, -2210, '2022-02-13', 6),

    (1, -4210, '2022-02-14', 2), 
    (1, -3210, '2022-02-14', 5),

    (1, -15210, '2022-02-15', 4), 
    (1, -4210, '2022-02-15', 5),

    (1, -12210, '2022-02-16', 5),
    (1, -12100, '2022-02-16', 6),

    (1, 330000, '2022-02-17', 3),
    (1, 50000, '2022-02-17', 7),

    (1, -4110, '2022-02-18', 4),
    (1, -4110, '2022-02-18', 1),

    (1, -4110, '2022-02-19', 2), 
    (1, -3110, '2022-02-19', 2),

    (1, -15110, '2022-02-20', 4), 
    (1, -4110, '2022-02-20', 6),

    (1, -11110, '2022-02-21', 5),
    (1, -11100, '2022-02-21', 5), 

    (1, -4110, '2022-02-22', 4),
    (1, -4110, '2022-02-22', 6),

    (1, -2110, '2022-02-23', 2), 
    (1, -2110, '2022-02-23', 2),

    (1, -4110, '2022-02-24', 4), 
    (1, -3110, '2022-02-24', 6),

    (1, -15110, '2022-02-25', 5), 
    (1, -4110, '2022-02-25', 5),

    (1, -11110, '2022-02-26', 4),
    (1, -11100, '2022-02-26', 6), 

    (1, -4110, '2022-02-27', 1),
    (1, -4110, '2022-02-27', 1),

    (1, -2120, '2022-02-28', 4), 
    (1, -2120, '2022-02-28', 6),

/*//////////////////////////////////////////////////////////////////////////*/

    (1, 330000, CURDATE()-1, 3),
    (1, 21000, CURDATE()-1, 7),

    (1, -4000, CURDATE()-2, 4),
    (1, -4000, CURDATE()-2, 1),

    (1, -4000, CURDATE()-3, 2), 
    (1, -3000, CURDATE()-3, 2),

    (1, -15000, CURDATE()-4, 4), 
    (1, -4000, CURDATE()-4, 6),

    (1, -11000, CURDATE()-5, 5),
    (1, -10000, CURDATE()-5, 5), 

    (1, -4000, CURDATE()-6, 4),
    (1, -4000, CURDATE()-6, 6),

    (1, -2000, CURDATE()-7, 2), 
    (1, -2000, CURDATE()-7, 2),

    (1, -4000, CURDATE()-8, 4), 
    (1, -3000, CURDATE()-8, 6),

    (1, -15000, CURDATE()-9, 5), 
    (1, -4000, CURDATE()-9, 5),

    (1, -11000, CURDATE()-10, 4),
    (1, -10000, CURDATE()-10, 6), 

    (1, -4000, CURDATE()-11, 1),
    (1, -4000, CURDATE()-11, 1),

    (1, -2100, CURDATE()-12, 4), 
    (1, -2100, CURDATE()-12, 6),

    (1, -4100, CURDATE()-13, 5), 
    (1, -3100, CURDATE()-13, 5),

    (1, -15100, CURDATE()-14, 4), 
    (1, -4100, CURDATE()-14, 6),

    (1, -11100, CURDATE()-15, 1),
    (1, -11000, CURDATE()-15, 1);
/*///////////////////////////////////////////////////////////////////////////////////*/

update registers set registers.regAt=CURDATE() where registers.regAt='0000-00-00'; 
    